game_id,name_x,date,player_count,gain,peak_player,name_y,total_review,positive_percent
413150,Stardew Valley,,60933.7,1550.3,136302.0,Stardew Valley,740693.0,0.98
413150,Stardew Valley,2025-01-01,72808.0,6395.0,129558.0,Stardew Valley,740693.0,0.98
413150,Stardew Valley,2024-11-01,61855.4,-4795.4,116286.0,Stardew Valley,740693.0,0.98
413150,Stardew Valley,2024-09-01,49227.5,-16343.6,88441.0,Stardew Valley,740693.0,0.98
413150,Stardew Valley,2024-07-01,82852.1,18846.1,148985.0,Stardew Valley,740693.0,0.98
413150,Stardew Valley,2024-05-01,89016.9,-31116.9,175581.0,Stardew Valley,740693.0,0.98
413150,Stardew Valley,2024-03-01,82587.9,50234.9,236614.0,Stardew Valley,740693.0,0.98
413150,Stardew Valley,2024-01-01,39082.7,7133.9,58773.0,Stardew Valley,740693.0,0.98
413150,Stardew Valley,2023-11-01,28714.7,-841.6,46525.0,Stardew Valley,740693.0,0.98
413150,Stardew Valley,2023-09-01,27764.5,-6756.1,44391.0,Stardew Valley,740693.0,0.98
413150,Stardew Valley,2023-07-01,37568.6,7706.5,53687.0,Stardew Valley,740693.0,0.98
413150,Stardew Valley,2023-05-01,28102.8,-4479.6,43446.0,Stardew Valley,740693.0,0.98
413150,Stardew Valley,2023-03-01,33899.0,-2365.1,52043.0,Stardew Valley,740693.0,0.98
413150,Stardew Valley,2023-01-01,40950.5,12554.0,59095.0,Stardew Valley,740693.0,0.98
413150,Stardew Valley,2022-11-01,23896.0,1232.5,37232.0,Stardew Valley,740693.0,0.98
413150,Stardew Valley,2022-09-01,24753.5,-6648.7,38451.0,Stardew Valley,740693.0,0.98
413150,Stardew Valley,2022-07-01,39076.5,7300.7,54288.0,Stardew Valley,740693.0,0.98
413150,Stardew Valley,2022-05-01,28036.6,1206.8,42786.0,Stardew Valley,740693.0,0.98
413150,Stardew Valley,2022-03-01,25851.2,-2942.2,38568.0,Stardew Valley,740693.0,0.98
413150,Stardew Valley,2022-01-01,33621.6,8669.9,48151.0,Stardew Valley,740693.0,0.98
413150,Stardew Valley,2021-11-01,23206.2,792.1,35441.0,Stardew Valley,740693.0,0.98
413150,Stardew Valley,2021-09-01,24320.9,-6246.2,36516.0,Stardew Valley,740693.0,0.98
413150,Stardew Valley,2021-07-01,28479.5,6238.2,41572.0,Stardew Valley,740693.0,0.98
413150,Stardew Valley,2021-05-01,23174.5,-3998.0,35440.0,Stardew Valley,740693.0,0.98
413150,Stardew Valley,2021-03-01,33180.9,-5123.8,51990.0,Stardew Valley,740693.0,0.98
413150,Stardew Valley,2021-01-01,57166.6,27545.8,94479.0,Stardew Valley,740693.0,0.98
413150,Stardew Valley,2020-11-01,13803.9,1743.9,22453.0,Stardew Valley,740693.0,0.98
413150,Stardew Valley,2020-09-01,13509.3,-3143.9,19609.0,Stardew Valley,740693.0,0.98
413150,Stardew Valley,2020-07-01,19955.3,4745.9,28908.0,Stardew Valley,740693.0,0.98
413150,Stardew Valley,2020-05-01,20487.2,-9464.0,31679.0,Stardew Valley,740693.0,0.98
413150,Stardew Valley,2020-03-01,27388.1,3690.9,45512.0,Stardew Valley,740693.0,0.98
413150,Stardew Valley,2020-01-01,24356.2,207.7,39046.0,Stardew Valley,740693.0,0.98
413150,Stardew Valley,2019-11-01,10855.1,1922.7,35053.0,Stardew Valley,740693.0,0.98
413150,Stardew Valley,2019-09-01,9272.7,-1745.9,14278.0,Stardew Valley,740693.0,0.98
413150,Stardew Valley,2019-07-01,15367.1,3008.7,24919.0,Stardew Valley,740693.0,0.98
413150,Stardew Valley,2019-05-01,12474.1,-67.6,21404.0,Stardew Valley,740693.0,0.98
413150,Stardew Valley,2019-03-01,13166.6,442.2,19786.0,Stardew Valley,740693.0,0.98
413150,Stardew Valley,2019-01-01,15249.1,4089.0,24470.0,Stardew Valley,740693.0,0.98
413150,Stardew Valley,2018-11-01,9503.0,-549.5,16133.0,Stardew Valley,740693.0,0.98
413150,Stardew Valley,2018-09-01,11765.5,-5121.7,19826.0,Stardew Valley,740693.0,0.98
413150,Stardew Valley,2018-07-01,16584.1,-778.3,24692.0,Stardew Valley,740693.0,0.98
413150,Stardew Valley,2018-05-01,27545.5,20015.9,54212.0,Stardew Valley,740693.0,0.98
413150,Stardew Valley,2018-03-01,8053.6,-981.2,12668.0,Stardew Valley,740693.0,0.98
413150,Stardew Valley,2018-01-01,11707.1,1883.0,20139.0,Stardew Valley,740693.0,0.98
413150,Stardew Valley,2017-11-01,8676.5,534.7,17839.0,Stardew Valley,740693.0,0.98
413150,Stardew Valley,2017-09-01,6869.3,-1978.2,10745.0,Stardew Valley,740693.0,0.98
413150,Stardew Valley,2017-07-01,15538.2,6633.5,28122.0,Stardew Valley,740693.0,0.98
413150,Stardew Valley,2017-05-01,7882.6,229.1,11896.0,Stardew Valley,740693.0,0.98
413150,Stardew Valley,2017-03-01,9693.0,-194.9,17295.0,Stardew Valley,740693.0,0.98
413150,Stardew Valley,2017-01-01,11798.9,3822.9,24014.0,Stardew Valley,740693.0,0.98
413150,Stardew Valley,2016-11-01,6878.9,-2378.2,13674.0,Stardew Valley,740693.0,0.98
413150,Stardew Valley,2016-09-01,4372.4,-1135.3,7360.0,Stardew Valley,740693.0,0.98
413150,Stardew Valley,2016-07-01,9299.8,1730.1,21032.0,Stardew Valley,740693.0,0.98
413150,Stardew Valley,2016-05-01,9654.5,-10188.9,20528.0,Stardew Valley,740693.0,0.98
413150,Stardew Valley,2016-03-01,34947.5,33352.7,64256.0,Stardew Valley,740693.0,0.98
413150,Stardew Valley,2016-01-01,0.5,-0.1,3.0,Stardew Valley,740693.0,0.98
620,Portal 2,,2207.4,-892.3,4471.0,Portal 2,356305.0,0.98
620,Portal 2,2025-01-01,2260.6,-205.6,5046.0,Portal 2,356305.0,0.98
620,Portal 2,2024-11-01,1792.9,-707.7,4831.0,Portal 2,356305.0,0.98
620,Portal 2,2024-09-01,1442.8,-366.2,2655.0,Portal 2,356305.0,0.98
620,Portal 2,2024-07-01,3098.7,1205.5,6410.0,Portal 2,356305.0,0.98
620,Portal 2,2024-05-01,1871.0,146.3,3548.0,Portal 2,356305.0,0.98
620,Portal 2,2024-03-01,2485.6,363.1,6075.0,Portal 2,356305.0,0.98
620,Portal 2,2024-01-01,4011.6,1292.0,9940.0,Portal 2,356305.0,0.98
620,Portal 2,2023-11-01,2071.8,282.6,7274.0,Portal 2,356305.0,0.98
620,Portal 2,2023-09-01,2722.6,285.0,9377.0,Portal 2,356305.0,0.98
620,Portal 2,2023-07-01,3435.9,1696.1,6919.0,Portal 2,356305.0,0.98
620,Portal 2,2023-05-01,2135.7,-244.7,7514.0,Portal 2,356305.0,0.98
620,Portal 2,2023-03-01,4321.6,2360.5,14445.0,Portal 2,356305.0,0.98
620,Portal 2,2023-01-01,3357.0,-281.2,8568.0,Portal 2,356305.0,0.98
620,Portal 2,2022-11-01,2288.1,837.9,9152.0,Portal 2,356305.0,0.98
620,Portal 2,2022-09-01,1397.2,-277.1,2587.0,Portal 2,356305.0,0.98
620,Portal 2,2022-07-01,2337.2,472.1,4520.0,Portal 2,356305.0,0.98
620,Portal 2,2022-05-01,1668.3,-179.1,3104.0,Portal 2,356305.0,0.98
620,Portal 2,2022-03-01,2012.9,-449.5,3686.0,Portal 2,356305.0,0.98
620,Portal 2,2022-01-01,2976.0,334.3,6139.0,Portal 2,356305.0,0.98
620,Portal 2,2021-11-01,1854.4,433.2,6216.0,Portal 2,356305.0,0.98
620,Portal 2,2021-09-01,1604.7,-445.6,2920.0,Portal 2,356305.0,0.98
620,Portal 2,2021-07-01,2938.3,693.2,5826.0,Portal 2,356305.0,0.98
620,Portal 2,2021-05-01,2218.0,-214.2,4271.0,Portal 2,356305.0,0.98
620,Portal 2,2021-03-01,2355.5,-30.2,6813.0,Portal 2,356305.0,0.98
620,Portal 2,2021-01-01,3386.2,98.3,7210.0,Portal 2,356305.0,0.98
620,Portal 2,2020-11-01,2734.4,862.3,6382.0,Portal 2,356305.0,0.98
620,Portal 2,2020-09-01,2043.9,-422.0,3422.0,Portal 2,356305.0,0.98
620,Portal 2,2020-07-01,3782.3,1105.0,6746.0,Portal 2,356305.0,0.98
620,Portal 2,2020-05-01,2960.4,-844.3,5636.0,Portal 2,356305.0,0.98
620,Portal 2,2020-03-01,2812.5,587.9,6390.0,Portal 2,356305.0,0.98
620,Portal 2,2020-01-01,3119.3,-893.0,8386.0,Portal 2,356305.0,0.98
620,Portal 2,2019-11-01,1867.3,478.9,8251.0,Portal 2,356305.0,0.98
620,Portal 2,2019-09-01,1520.5,-390.2,2792.0,Portal 2,356305.0,0.98
620,Portal 2,2019-07-01,3772.2,1275.5,8439.0,Portal 2,356305.0,0.98
620,Portal 2,2019-05-01,1573.6,-6.7,2896.0,Portal 2,356305.0,0.98
620,Portal 2,2019-03-01,1672.5,-488.1,3023.0,Portal 2,356305.0,0.98
620,Portal 2,2019-01-01,2466.6,-41.3,5808.0,Portal 2,356305.0,0.98
620,Portal 2,2018-11-01,1773.0,374.8,5466.0,Portal 2,356305.0,0.98
620,Portal 2,2018-09-01,1489.4,-401.6,2786.0,Portal 2,356305.0,0.98
620,Portal 2,2018-07-01,3240.3,559.0,7657.0,Portal 2,356305.0,0.98
620,Portal 2,2018-05-01,1435.0,-160.8,2533.0,Portal 2,356305.0,0.98
620,Portal 2,2018-03-01,1965.8,-795.1,4030.0,Portal 2,356305.0,0.98
620,Portal 2,2018-01-01,3733.3,-217.3,10383.0,Portal 2,356305.0,0.98
620,Portal 2,2017-11-01,2198.1,801.9,9453.0,Portal 2,356305.0,0.98
620,Portal 2,2017-09-01,1577.2,-526.8,3088.0,Portal 2,356305.0,0.98
620,Portal 2,2017-07-01,4728.9,1190.3,14151.0,Portal 2,356305.0,0.98
620,Portal 2,2017-05-01,1366.4,-182.0,2488.0,Portal 2,356305.0,0.98
620,Portal 2,2017-03-01,1691.8,-229.5,3471.0,Portal 2,356305.0,0.98
620,Portal 2,2017-01-01,2900.3,388.6,8752.0,Portal 2,356305.0,0.98
620,Portal 2,2016-11-01,1781.5,-23.6,6283.0,Portal 2,356305.0,0.98
620,Portal 2,2016-09-01,1322.3,-258.4,3114.0,Portal 2,356305.0,0.98
620,Portal 2,2016-07-01,2620.9,636.1,7117.0,Portal 2,356305.0,0.98
620,Portal 2,2016-05-01,1512.7,-50.5,3061.0,Portal 2,356305.0,0.98
620,Portal 2,2016-03-01,1810.3,-857.2,3669.0,Portal 2,356305.0,0.98
620,Portal 2,2016-01-01,3253.0,-246.7,8814.0,Portal 2,356305.0,0.98
620,Portal 2,2015-11-01,2349.2,1067.8,8799.0,Portal 2,356305.0,0.98
620,Portal 2,2015-09-01,1321.7,-281.4,2600.0,Portal 2,356305.0,0.98
620,Portal 2,2015-07-01,1959.9,-1062.1,3293.0,Portal 2,356305.0,0.98
620,Portal 2,2015-05-01,1395.7,-48.0,2598.0,Portal 2,356305.0,0.98
620,Portal 2,2015-03-01,1698.4,-835.5,3546.0,Portal 2,356305.0,0.98
620,Portal 2,2015-01-01,2598.6,-178.0,7876.0,Portal 2,356305.0,0.98
620,Portal 2,2014-11-01,1426.8,-356.8,3304.0,Portal 2,356305.0,0.98
620,Portal 2,2014-09-01,1734.0,-668.0,5116.0,Portal 2,356305.0,0.98
620,Portal 2,2014-07-01,2452.1,450.9,7799.0,Portal 2,356305.0,0.98
620,Portal 2,2014-05-01,1771.9,-435.0,3988.0,Portal 2,356305.0,0.98
620,Portal 2,2014-03-01,1141.6,-245.2,2250.0,Portal 2,356305.0,0.98
620,Portal 2,2014-01-01,2159.8,-639.0,6200.0,Portal 2,356305.0,0.98
620,Portal 2,2013-11-01,1876.0,636.1,7109.0,Portal 2,356305.0,0.98
620,Portal 2,2013-09-01,1369.3,-550.2,2735.0,Portal 2,356305.0,0.98
620,Portal 2,2013-07-01,3119.1,1300.8,9990.0,Portal 2,356305.0,0.98
620,Portal 2,2013-05-01,2143.5,-598.1,4178.0,Portal 2,356305.0,0.98
620,Portal 2,2013-03-01,1509.1,-252.2,3005.0,Portal 2,356305.0,0.98
620,Portal 2,2013-01-01,2740.1,-263.4,6366.0,Portal 2,356305.0,0.98
620,Portal 2,2012-11-01,1795.3,574.8,8555.0,Portal 2,356305.0,0.98
620,Portal 2,2012-09-01,1853.0,-627.6,4131.0,Portal 2,356305.0,0.98
620,Portal 2,2012-07-01,4167.7,,8857.0,Portal 2,356305.0,0.98
2379780,Balatro,,19719.4,-2541.7,28598.0,Balatro,112396.0,0.98
2379780,Balatro,2025-01-01,29741.5,8390.1,43825.0,Balatro,112396.0,0.98
2379780,Balatro,2024-11-01,8480.7,2748.2,20026.0,Balatro,112396.0,0.98
2379780,Balatro,2024-09-01,6036.4,-414.4,8727.0,Balatro,112396.0,0.98
2379780,Balatro,2024-07-01,7941.1,-380.4,12306.0,Balatro,112396.0,0.98
2379780,Balatro,2024-05-01,12597.0,-6342.8,20970.0,Balatro,112396.0,0.98
2379780,Balatro,2024-03-01,26391.7,-498.4,37737.0,Balatro,112396.0,0.98
1145360,Hades,,3791.1,-127.4,7246.0,Hades,256503.0,0.98
1145360,Hades,2025-01-01,4037.7,-709.8,7065.0,Hades,256503.0,0.98
1145360,Hades,2024-11-01,3883.7,1237.9,7695.0,Hades,256503.0,0.98
1145360,Hades,2024-09-01,2870.3,-699.3,4598.0,Hades,256503.0,0.98
1145360,Hades,2024-07-01,6052.6,-1431.3,10865.0,Hades,256503.0,0.98
1145360,Hades,2024-05-01,19345.5,14978.5,54015.0,Hades,256503.0,0.98
1145360,Hades,2024-03-01,4208.6,-321.6,7875.0,Hades,256503.0,0.98
1145360,Hades,2024-01-01,5217.9,-458.4,8963.0,Hades,256503.0,0.98
1145360,Hades,2023-11-01,4418.5,1082.8,8612.0,Hades,256503.0,0.98
1145360,Hades,2023-09-01,3636.1,238.2,8221.0,Hades,256503.0,0.98
1145360,Hades,2023-07-01,4849.2,1927.5,7996.0,Hades,256503.0,0.98
1145360,Hades,2023-05-01,3953.9,-1361.4,7570.0,Hades,256503.0,0.98
1145360,Hades,2023-03-01,5049.3,38.7,10812.0,Hades,256503.0,0.98
1145360,Hades,2023-01-01,9658.2,-1359.4,16843.0,Hades,256503.0,0.98
1145360,Hades,2022-11-01,4786.0,220.7,9350.0,Hades,256503.0,0.98
1145360,Hades,2022-09-01,5216.8,-362.5,12105.0,Hades,256503.0,0.98
1145360,Hades,2022-07-01,6191.9,2250.2,14044.0,Hades,256503.0,0.98
1145360,Hades,2022-05-01,3751.6,-856.4,6097.0,Hades,256503.0,0.98
1145360,Hades,2022-03-01,4961.0,-1395.7,10310.0,Hades,256503.0,0.98
1145360,Hades,2022-01-01,7379.9,1008.9,12295.0,Hades,256503.0,0.98
1145360,Hades,2021-11-01,5745.2,823.7,12607.0,Hades,256503.0,0.98
1145360,Hades,2021-09-01,5372.8,-787.9,8308.0,Hades,256503.0,0.98
1145360,Hades,2021-07-01,8316.7,3020.7,15468.0,Hades,256503.0,0.98
1145360,Hades,2021-05-01,4864.9,-1501.7,7582.0,Hades,256503.0,0.98
1145360,Hades,2021-03-01,9738.1,-1110.9,18007.0,Hades,256503.0,0.98
1145360,Hades,2021-01-01,18775.5,1173.0,35048.0,Hades,256503.0,0.98
1145360,Hades,2020-11-01,18029.9,-1557.2,30509.0,Hades,256503.0,0.98
1145360,Hades,2020-09-01,11325.5,10058.0,37586.0,Hades,256503.0,0.98
1145360,Hades,2020-07-01,2471.4,716.5,4995.0,Hades,256503.0,0.98
1145360,Hades,2020-05-01,1956.8,959.1,6070.0,Hades,256503.0,0.98
1145360,Hades,2020-03-01,2077.3,-434.1,5941.0,Hades,256503.0,0.98
1145360,Hades,2020-01-01,4234.5,-154.4,8086.0,Hades,256503.0,0.98
2527500,MiSide,,1405.6,-1436.8,3223.0,MiSide,92846.0,0.98
2527500,MiSide,2025-01-01,6500.0,-2966.6,17260.0,MiSide,92846.0,0.98
294100,RimWorld,,23060.5,-621.1,36105.0,RimWorld,174981.0,0.97
294100,RimWorld,2025-01-01,23633.2,2350.5,34240.0,RimWorld,174981.0,0.97
294100,RimWorld,2024-11-01,20421.2,-348.3,28831.0,RimWorld,174981.0,0.97
294100,RimWorld,2024-09-01,20053.8,-1910.3,29619.0,RimWorld,174981.0,0.97
294100,RimWorld,2024-07-01,21545.3,342.6,31362.0,RimWorld,174981.0,0.97
294100,RimWorld,2024-05-01,27322.4,-5662.9,46527.0,RimWorld,174981.0,0.97
294100,RimWorld,2024-03-01,20299.9,2191.3,31539.0,RimWorld,174981.0,0.97
294100,RimWorld,2024-01-01,19156.9,-192.4,27401.0,RimWorld,174981.0,0.97
294100,RimWorld,2023-11-01,19232.6,435.6,28208.0,RimWorld,174981.0,0.97
294100,RimWorld,2023-09-01,16224.4,-2626.4,24980.0,RimWorld,174981.0,0.97
294100,RimWorld,2023-07-01,20756.5,3338.9,28545.0,RimWorld,174981.0,0.97
294100,RimWorld,2023-05-01,19138.2,335.7,28614.0,RimWorld,174981.0,0.97
294100,RimWorld,2023-03-01,17840.7,-2205.2,25891.0,RimWorld,174981.0,0.97
294100,RimWorld,2023-01-01,23151.3,521.5,31951.0,RimWorld,174981.0,0.97
294100,RimWorld,2022-11-01,31705.0,6373.8,54009.0,RimWorld,174981.0,0.97
294100,RimWorld,2022-09-01,17604.5,-2616.5,26309.0,RimWorld,174981.0,0.97
294100,RimWorld,2022-07-01,19501.8,1609.2,28853.0,RimWorld,174981.0,0.97
294100,RimWorld,2022-05-01,18307.4,461.0,25979.0,RimWorld,174981.0,0.97
294100,RimWorld,2022-03-01,17259.1,-721.1,24915.0,RimWorld,174981.0,0.97
294100,RimWorld,2022-01-01,18436.2,2276.6,25439.0,RimWorld,174981.0,0.97
294100,RimWorld,2021-11-01,15875.3,-890.1,22404.0,RimWorld,174981.0,0.97
294100,RimWorld,2021-09-01,20348.7,-9109.2,31984.0,RimWorld,174981.0,0.97
294100,RimWorld,2021-07-01,25239.4,9208.1,50850.0,RimWorld,174981.0,0.97
294100,RimWorld,2021-05-01,14855.8,368.4,20751.0,RimWorld,174981.0,0.97
294100,RimWorld,2021-03-01,14895.8,-3527.5,21941.0,RimWorld,174981.0,0.97
294100,RimWorld,2021-01-01,18661.3,4384.2,26982.0,RimWorld,174981.0,0.97
294100,RimWorld,2020-11-01,14769.2,918.2,20737.0,RimWorld,174981.0,0.97
294100,RimWorld,2020-09-01,15326.4,-1202.8,22093.0,RimWorld,174981.0,0.97
294100,RimWorld,2020-07-01,15243.4,946.0,20531.0,RimWorld,174981.0,0.97
294100,RimWorld,2020-05-01,14814.2,-2757.6,21491.0,RimWorld,174981.0,0.97
294100,RimWorld,2020-03-01,26111.8,10674.8,41637.0,RimWorld,174981.0,0.97
294100,RimWorld,2020-01-01,12110.7,2141.3,18083.0,RimWorld,174981.0,0.97
294100,RimWorld,2019-11-01,10029.6,-15.5,15292.0,RimWorld,174981.0,0.97
294100,RimWorld,2019-09-01,10463.4,-953.1,16282.0,RimWorld,174981.0,0.97
294100,RimWorld,2019-07-01,10041.9,-333.2,15208.0,RimWorld,174981.0,0.97
294100,RimWorld,2019-05-01,10834.3,201.0,16594.0,RimWorld,174981.0,0.97
294100,RimWorld,2019-03-01,10593.2,-1078.8,15920.0,RimWorld,174981.0,0.97
294100,RimWorld,2019-01-01,11907.6,1810.2,18208.0,RimWorld,174981.0,0.97
294100,RimWorld,2018-11-01,13297.6,290.0,23774.0,RimWorld,174981.0,0.97
294100,RimWorld,2018-09-01,9627.7,2178.6,15159.0,RimWorld,174981.0,0.97
294100,RimWorld,2018-07-01,7802.9,1284.6,12450.0,RimWorld,174981.0,0.97
294100,RimWorld,2018-05-01,6298.0,-210.9,9555.0,RimWorld,174981.0,0.97
294100,RimWorld,2018-03-01,6224.0,-155.6,9644.0,RimWorld,174981.0,0.97
294100,RimWorld,2018-01-01,7674.4,-726.1,12072.0,RimWorld,174981.0,0.97
294100,RimWorld,2017-11-01,7031.7,1278.7,14223.0,RimWorld,174981.0,0.97
294100,RimWorld,2017-09-01,5737.7,-387.2,9066.0,RimWorld,174981.0,0.97
294100,RimWorld,2017-07-01,6718.7,-614.3,10193.0,RimWorld,174981.0,0.97
294100,RimWorld,2017-05-01,5702.4,359.2,11795.0,RimWorld,174981.0,0.97
294100,RimWorld,2017-03-01,5593.8,-791.5,9027.0,RimWorld,174981.0,0.97
294100,RimWorld,2017-01-01,8306.0,3165.0,13447.0,RimWorld,174981.0,0.97
294100,RimWorld,2016-11-01,3949.1,-573.1,6218.0,RimWorld,174981.0,0.97
294100,RimWorld,2016-09-01,6123.2,-1684.7,10259.0,RimWorld,174981.0,0.97
294100,RimWorld,2016-07-01,4700.6,4698.7,14984.0,RimWorld,174981.0,0.97
294100,RimWorld,2016-05-01,1.3,,3.0,RimWorld,174981.0,0.97
524220,NieRAutomata,,1034.3,66.4,2770.0,NieRAutomata,102411.0,0.88
524220,NieRAutomata,2025-01-01,1073.4,-128.3,1955.0,NieRAutomata,102411.0,0.88
524220,NieRAutomata,2024-11-01,731.0,-155.8,2062.0,NieRAutomata,102411.0,0.88
524220,NieRAutomata,2024-09-01,1055.9,160.7,2659.0,NieRAutomata,102411.0,0.88
524220,NieRAutomata,2024-07-01,1347.8,571.4,2925.0,NieRAutomata,102411.0,0.88
524220,NieRAutomata,2024-05-01,1296.8,190.0,3259.0,NieRAutomata,102411.0,0.88
524220,NieRAutomata,2024-03-01,1266.5,480.4,3346.0,NieRAutomata,102411.0,0.88
524220,NieRAutomata,2024-01-01,1279.4,-8.4,2636.0,NieRAutomata,102411.0,0.88
524220,NieRAutomata,2023-11-01,502.5,-37.9,898.0,NieRAutomata,102411.0,0.88
524220,NieRAutomata,2023-09-01,740.2,-84.9,1415.0,NieRAutomata,102411.0,0.88
524220,NieRAutomata,2023-07-01,1200.8,497.6,2141.0,NieRAutomata,102411.0,0.88
524220,NieRAutomata,2023-05-01,1112.1,-351.7,2697.0,NieRAutomata,102411.0,0.88
524220,NieRAutomata,2023-03-01,1735.4,936.0,5924.0,NieRAutomata,102411.0,0.88
524220,NieRAutomata,2023-01-01,1089.8,448.6,1881.0,NieRAutomata,102411.0,0.88
524220,NieRAutomata,2022-11-01,556.5,-80.3,974.0,NieRAutomata,102411.0,0.88
524220,NieRAutomata,2022-09-01,596.0,-115.8,1146.0,NieRAutomata,102411.0,0.88
524220,NieRAutomata,2022-07-01,780.2,67.7,1290.0,NieRAutomata,102411.0,0.88
524220,NieRAutomata,2022-05-01,770.8,-265.1,1434.0,NieRAutomata,102411.0,0.88
524220,NieRAutomata,2022-03-01,1290.4,401.9,3580.0,NieRAutomata,102411.0,0.88
524220,NieRAutomata,2022-01-01,1472.9,217.1,3346.0,NieRAutomata,102411.0,0.88
524220,NieRAutomata,2021-11-01,822.5,-1139.7,1561.0,NieRAutomata,102411.0,0.88
524220,NieRAutomata,2021-09-01,749.8,-133.1,2572.0,NieRAutomata,102411.0,0.88
524220,NieRAutomata,2021-07-01,912.2,-44.4,1776.0,NieRAutomata,102411.0,0.88
524220,NieRAutomata,2021-05-01,2484.4,1308.8,6214.0,NieRAutomata,102411.0,0.88
524220,NieRAutomata,2021-03-01,1087.7,-240.7,1992.0,NieRAutomata,102411.0,0.88
524220,NieRAutomata,2021-01-01,2147.6,830.3,4530.0,NieRAutomata,102411.0,0.88
524220,NieRAutomata,2020-11-01,1034.7,-1385.2,1893.0,NieRAutomata,102411.0,0.88
524220,NieRAutomata,2020-09-01,1546.5,649.3,7036.0,NieRAutomata,102411.0,0.88
524220,NieRAutomata,2020-07-01,929.7,-4.3,1439.0,NieRAutomata,102411.0,0.88
524220,NieRAutomata,2020-05-01,1188.1,-436.0,2192.0,NieRAutomata,102411.0,0.88
524220,NieRAutomata,2020-03-01,2906.1,1779.5,9447.0,NieRAutomata,102411.0,0.88
524220,NieRAutomata,2020-01-01,854.6,-191.2,1423.0,NieRAutomata,102411.0,0.88
524220,NieRAutomata,2019-11-01,689.8,-13.2,1248.0,NieRAutomata,102411.0,0.88
524220,NieRAutomata,2019-09-01,825.1,-373.0,1463.0,NieRAutomata,102411.0,0.88
524220,NieRAutomata,2019-07-01,1038.4,241.9,3404.0,NieRAutomata,102411.0,0.88
524220,NieRAutomata,2019-05-01,1117.7,410.2,2903.0,NieRAutomata,102411.0,0.88
524220,NieRAutomata,2019-03-01,989.8,277.5,2236.0,NieRAutomata,102411.0,0.88
524220,NieRAutomata,2019-01-01,830.3,-247.6,1423.0,NieRAutomata,102411.0,0.88
524220,NieRAutomata,2018-11-01,1024.7,-225.7,3164.0,NieRAutomata,102411.0,0.88
524220,NieRAutomata,2018-09-01,1175.0,505.9,3922.0,NieRAutomata,102411.0,0.88
524220,NieRAutomata,2018-07-01,898.3,-129.3,1434.0,NieRAutomata,102411.0,0.88
524220,NieRAutomata,2018-05-01,1916.8,197.3,5070.0,NieRAutomata,102411.0,0.88
524220,NieRAutomata,2018-03-01,3519.9,2702.3,8280.0,NieRAutomata,102411.0,0.88
524220,NieRAutomata,2018-01-01,1162.7,-192.7,2117.0,NieRAutomata,102411.0,0.88
524220,NieRAutomata,2017-11-01,1107.4,167.1,3610.0,NieRAutomata,102411.0,0.88
524220,NieRAutomata,2017-09-01,1858.5,743.7,4378.0,NieRAutomata,102411.0,0.88
524220,NieRAutomata,2017-07-01,2337.5,313.7,5671.0,NieRAutomata,102411.0,0.88
524220,NieRAutomata,2017-05-01,3405.7,-970.2,8927.0,NieRAutomata,102411.0,0.88
524220,NieRAutomata,2017-03-01,11878.0,,23813.0,NieRAutomata,102411.0,0.88
2183900,"Warhammer 40,000: Space Marine 2",,6717.9,-1737.4,13591.0,"Warhammer 40,000: Space Marine 2",113946.0,0.83
2183900,"Warhammer 40,000: Space Marine 2",2025-01-01,8462.6,-1488.0,19670.0,"Warhammer 40,000: Space Marine 2",113946.0,0.83
2183900,"Warhammer 40,000: Space Marine 2",2024-11-01,10724.0,-14723.4,24297.0,"Warhammer 40,000: Space Marine 2",113946.0,0.83
2183900,"Warhammer 40,000: Space Marine 2",2024-09-01,77349.7,,186199.0,"Warhammer 40,000: Space Marine 2",113946.0,0.83
2246340,Monster_Hunter_Wilds,,330010.0,,1179869.0,,,
1295660,Sid Meier's Civilization VII,,19265.8,-21725.1,39765.0,Sid Meier's Civilization VII,29181.0,0.49
1172470,Apex Legends,,89441.7,-5657.8,185193.0,Apex Legends,985721.0,0.67
1172470,Apex Legends,2025-01-01,69580.2,-4616.2,153693.0,Apex Legends,985721.0,0.67
1172470,Apex Legends,2024-11-01,91362.1,6259.5,225795.0,Apex Legends,985721.0,0.67
1172470,Apex Legends,2024-09-01,107227.3,-12781.3,249334.0,Apex Legends,985721.0,0.67
1172470,Apex Legends,2024-07-01,116747.2,-22989.2,265369.0,Apex Legends,985721.0,0.67
1172470,Apex Legends,2024-05-01,167424.5,656.6,425742.0,Apex Legends,985721.0,0.67
1172470,Apex Legends,2024-03-01,189218.5,3556.9,463933.0,Apex Legends,985721.0,0.67
1172470,Apex Legends,2024-01-01,146164.2,1716.4,344621.0,Apex Legends,985721.0,0.67
1172470,Apex Legends,2023-11-01,167295.6,-14124.8,438349.0,Apex Legends,985721.0,0.67
1172470,Apex Legends,2023-09-01,186494.4,-2397.4,452991.0,Apex Legends,985721.0,0.67
1172470,Apex Legends,2023-07-01,166199.1,-22901.9,349762.0,Apex Legends,985721.0,0.67
1172470,Apex Legends,2023-05-01,227947.4,5198.0,584294.0,Apex Legends,985721.0,0.67
1172470,Apex Legends,2023-03-01,255792.2,-1624.5,603290.0,Apex Legends,985721.0,0.67
1172470,Apex Legends,2023-01-01,197969.0,27086.3,413670.0,Apex Legends,985721.0,0.67
1172470,Apex Legends,2022-11-01,172345.5,168.8,403157.0,Apex Legends,985721.0,0.67
1172470,Apex Legends,2022-09-01,221826.6,-8606.2,497242.0,Apex Legends,985721.0,0.67
1172470,Apex Legends,2022-07-01,183161.3,5424.9,347314.0,Apex Legends,985721.0,0.67
1172470,Apex Legends,2022-05-01,195551.6,2953.1,411183.0,Apex Legends,985721.0,0.67
1172470,Apex Legends,2022-03-01,183596.7,-20057.1,353623.0,Apex Legends,985721.0,0.67
1172470,Apex Legends,2022-01-01,145582.9,23474.7,264287.0,Apex Legends,985721.0,0.67
1172470,Apex Legends,2021-11-01,136245.9,7716.5,318330.0,Apex Legends,985721.0,0.67
1172470,Apex Legends,2021-09-01,139648.0,-29880.2,273617.0,Apex Legends,985721.0,0.67
1172470,Apex Legends,2021-07-01,131151.1,-5288.8,262129.0,Apex Legends,985721.0,0.67
1172470,Apex Legends,2021-05-01,164238.0,39332.9,330879.0,Apex Legends,985721.0,0.67
1172470,Apex Legends,2021-03-01,126121.1,5138.4,228439.0,Apex Legends,985721.0,0.67
1172470,Apex Legends,2021-01-01,71766.7,7297.0,129928.0,Apex Legends,985721.0,0.67
1172470,Apex Legends,2020-11-01,74957.3,,117193.0,Apex Legends,985721.0,0.67
1240440,Halo_Infinite,,2160.1,-281.6,4826.0,Halo_Infinite,175801.0,0.69
1240440,Halo_Infinite,2025-01-01,2615.4,445.9,6807.0,Halo_Infinite,175801.0,0.69
1240440,Halo_Infinite,2024-11-01,2482.7,217.6,6002.0,Halo_Infinite,175801.0,0.69
1240440,Halo_Infinite,2024-09-01,2198.9,-123.1,4461.0,Halo_Infinite,175801.0,0.69
1240440,Halo_Infinite,2024-07-01,2209.4,-50.3,4959.0,Halo_Infinite,175801.0,0.69
1240440,Halo_Infinite,2024-05-01,2884.1,-438.9,6229.0,Halo_Infinite,175801.0,0.69
1240440,Halo_Infinite,2024-03-01,4191.9,-1089.5,8727.0,Halo_Infinite,175801.0,0.69
1240440,Halo_Infinite,2024-01-01,4201.0,-449.1,13945.0,Halo_Infinite,175801.0,0.69
1240440,Halo_Infinite,2023-11-01,5485.6,-44.2,12683.0,Halo_Infinite,175801.0,0.69
1240440,Halo_Infinite,2023-09-01,3057.1,-448.5,6725.0,Halo_Infinite,175801.0,0.69
1240440,Halo_Infinite,2023-07-01,3407.9,391.3,6817.0,Halo_Infinite,175801.0,0.69
1240440,Halo_Infinite,2023-05-01,2716.6,-512.5,5504.0,Halo_Infinite,175801.0,0.69
1240440,Halo_Infinite,2023-03-01,4210.6,965.7,12705.0,Halo_Infinite,175801.0,0.69
1240440,Halo_Infinite,2023-01-01,3842.2,-126.8,7563.0,Halo_Infinite,175801.0,0.69
1240440,Halo_Infinite,2022-11-01,4065.0,1343.3,12906.0,Halo_Infinite,175801.0,0.69
1240440,Halo_Infinite,2022-09-01,3471.6,-113.7,7941.0,Halo_Infinite,175801.0,0.69
1240440,Halo_Infinite,2022-07-01,3840.6,-462.7,7680.0,Halo_Infinite,175801.0,0.69
1240440,Halo_Infinite,2022-05-01,6418.6,1149.5,21369.0,Halo_Infinite,175801.0,0.69
1240440,Halo_Infinite,2022-03-01,6335.8,-5354.2,15961.0,Halo_Infinite,175801.0,0.69
1240440,Halo_Infinite,2022-01-01,23403.5,-28485.8,62371.0,Halo_Infinite,175801.0,0.69
1240440,Halo_Infinite,2021-11-01,102732.3,,256619.0,Halo_Infinite,175801.0,0.69
1124300,HUMANKIND,,766.2,-355.4,1594.0,HUMANKIND,20870.0,0.67
1124300,HUMANKIND,2025-01-01,887.2,169.1,2755.0,HUMANKIND,20870.0,0.67
1124300,HUMANKIND,2024-11-01,661.0,11.3,1312.0,HUMANKIND,20870.0,0.67
1124300,HUMANKIND,2024-09-01,868.8,-16.4,1787.0,HUMANKIND,20870.0,0.67
1124300,HUMANKIND,2024-07-01,1184.3,412.8,2626.0,HUMANKIND,20870.0,0.67
1124300,HUMANKIND,2024-05-01,756.0,-99.0,1401.0,HUMANKIND,20870.0,0.67
1124300,HUMANKIND,2024-03-01,763.6,-44.7,1541.0,HUMANKIND,20870.0,0.67
1124300,HUMANKIND,2024-01-01,960.7,186.2,1939.0,HUMANKIND,20870.0,0.67
1124300,HUMANKIND,2023-11-01,749.3,-176.3,1613.0,HUMANKIND,20870.0,0.67
1124300,HUMANKIND,2023-09-01,1214.6,401.7,3206.0,HUMANKIND,20870.0,0.67
1124300,HUMANKIND,2023-07-01,1188.3,462.4,2389.0,HUMANKIND,20870.0,0.67
1124300,HUMANKIND,2023-05-01,1423.5,296.3,4195.0,HUMANKIND,20870.0,0.67
1124300,HUMANKIND,2023-03-01,770.9,-28.0,1511.0,HUMANKIND,20870.0,0.67
1124300,HUMANKIND,2023-01-01,952.3,109.1,2141.0,HUMANKIND,20870.0,0.67
1124300,HUMANKIND,2022-11-01,1044.1,-198.8,2295.0,HUMANKIND,20870.0,0.67
1124300,HUMANKIND,2022-09-01,938.3,-273.1,1791.0,HUMANKIND,20870.0,0.67
1124300,HUMANKIND,2022-07-01,1180.3,-40.7,2192.0,HUMANKIND,20870.0,0.67
1124300,HUMANKIND,2022-05-01,1122.7,-32.4,2172.0,HUMANKIND,20870.0,0.67
1124300,HUMANKIND,2022-03-01,1132.0,-261.2,2165.0,HUMANKIND,20870.0,0.67
1124300,HUMANKIND,2022-01-01,1878.9,150.5,4112.0,HUMANKIND,20870.0,0.67
1124300,HUMANKIND,2021-11-01,2052.6,-418.2,4076.0,HUMANKIND,20870.0,0.67
1124300,HUMANKIND,2021-09-01,7297.9,-17670.4,18814.0,HUMANKIND,20870.0,0.67
2878980,NBA 2K25,,22304.9,-2132.5,40939.0,NBA 2K25,16982.0,0.59
2878980,NBA 2K25,2025-01-01,19177.7,-327.7,34568.0,NBA 2K25,16982.0,0.59
2878980,NBA 2K25,2024-11-01,17842.4,1526.0,32508.0,NBA 2K25,16982.0,0.59
2878980,NBA 2K25,2024-09-01,21290.1,,40434.0,NBA 2K25,16982.0,0.59
216150,MapleStory,,6225.9,3.0,9913.0,MapleStory,13600.0,0.63
216150,MapleStory,2025-01-01,6813.9,-214.2,9694.0,MapleStory,13600.0,0.63
216150,MapleStory,2024-11-01,6419.9,819.5,11023.0,MapleStory,13600.0,0.63
216150,MapleStory,2024-09-01,5907.7,-988.4,8939.0,MapleStory,13600.0,0.63
216150,MapleStory,2024-07-01,7179.9,23.9,10967.0,MapleStory,13600.0,0.63
216150,MapleStory,2024-05-01,5574.6,861.2,8566.0,MapleStory,13600.0,0.63
216150,MapleStory,2024-03-01,4252.5,-768.5,6430.0,MapleStory,13600.0,0.63
216150,MapleStory,2024-01-01,10028.2,2695.9,13831.0,MapleStory,13600.0,0.63
216150,MapleStory,2023-11-01,5445.9,702.8,9876.0,MapleStory,13600.0,0.63
216150,MapleStory,2023-09-01,4928.5,-130.2,7561.0,MapleStory,13600.0,0.63
216150,MapleStory,2023-07-01,5024.7,718.0,7368.0,MapleStory,13600.0,0.63
216150,MapleStory,2023-05-01,3140.9,-50.4,4489.0,MapleStory,13600.0,0.63
216150,MapleStory,2023-03-01,3237.9,-26.1,5684.0,MapleStory,13600.0,0.63
216150,MapleStory,2023-01-01,3501.6,-15.1,5452.0,MapleStory,13600.0,0.63
216150,MapleStory,2022-11-01,3309.2,611.8,7015.0,MapleStory,13600.0,0.63
216150,MapleStory,2022-09-01,2719.9,-381.6,4047.0,MapleStory,13600.0,0.63
216150,MapleStory,2022-07-01,3553.7,344.1,6883.0,MapleStory,13600.0,0.63
216150,MapleStory,2022-05-01,2171.1,579.7,3055.0,MapleStory,13600.0,0.63
216150,MapleStory,2022-03-01,1513.7,-373.8,2505.0,MapleStory,13600.0,0.63
216150,MapleStory,2022-01-01,2278.1,111.1,3582.0,MapleStory,13600.0,0.63
216150,MapleStory,2021-11-01,2213.5,199.7,3322.0,MapleStory,13600.0,0.63
216150,MapleStory,2021-09-01,2253.8,37.1,3265.0,MapleStory,13600.0,0.63
216150,MapleStory,2021-07-01,2368.0,-289.4,3446.0,MapleStory,13600.0,0.63
216150,MapleStory,2021-05-01,2542.7,262.9,3634.0,MapleStory,13600.0,0.63
216150,MapleStory,2021-03-01,2227.9,48.4,3873.0,MapleStory,13600.0,0.63
216150,MapleStory,2021-01-01,2519.1,24.8,3849.0,MapleStory,13600.0,0.63
216150,MapleStory,2020-11-01,1791.8,107.2,3311.0,MapleStory,13600.0,0.63
216150,MapleStory,2020-09-01,2176.2,-301.6,3103.0,MapleStory,13600.0,0.63
216150,MapleStory,2020-07-01,3104.4,77.4,4918.0,MapleStory,13600.0,0.63
216150,MapleStory,2020-05-01,2910.6,720.4,3942.0,MapleStory,13600.0,0.63
216150,MapleStory,2020-03-01,1140.8,334.4,2545.0,MapleStory,13600.0,0.63
216150,MapleStory,2020-01-01,1318.0,-99.3,1862.0,MapleStory,13600.0,0.63
216150,MapleStory,2019-11-01,829.9,204.7,1809.0,MapleStory,13600.0,0.63
216150,MapleStory,2019-09-01,811.1,-364.7,1171.0,MapleStory,13600.0,0.63
216150,MapleStory,2019-07-01,1409.4,26.3,2041.0,MapleStory,13600.0,0.63
216150,MapleStory,2019-05-01,755.3,276.0,1158.0,MapleStory,13600.0,0.63
216150,MapleStory,2019-03-01,471.2,-95.2,896.0,MapleStory,13600.0,0.63
216150,MapleStory,2019-01-01,837.6,-93.8,1296.0,MapleStory,13600.0,0.63
216150,MapleStory,2018-11-01,641.3,72.1,1205.0,MapleStory,13600.0,0.63
216150,MapleStory,2018-09-01,706.5,-411.3,1153.0,MapleStory,13600.0,0.63
216150,MapleStory,2018-07-01,1499.0,547.1,2158.0,MapleStory,13600.0,0.63
216150,MapleStory,2018-05-01,913.0,-194.7,1600.0,MapleStory,13600.0,0.63
216150,MapleStory,2018-03-01,765.5,9.0,1314.0,MapleStory,13600.0,0.63
216150,MapleStory,2018-01-01,989.5,-476.6,2080.0,MapleStory,13600.0,0.63
216150,MapleStory,2017-11-01,761.0,101.9,1565.0,MapleStory,13600.0,0.63
216150,MapleStory,2017-09-01,622.2,-390.3,1063.0,MapleStory,13600.0,0.63
216150,MapleStory,2017-07-01,1103.4,275.9,1847.0,MapleStory,13600.0,0.63
216150,MapleStory,2017-05-01,702.9,-10.9,1309.0,MapleStory,13600.0,0.63
216150,MapleStory,2017-03-01,579.7,-125.5,1077.0,MapleStory,13600.0,0.63
216150,MapleStory,2017-01-01,1094.7,-431.0,2099.0,MapleStory,13600.0,0.63
216150,MapleStory,2016-11-01,595.6,204.4,1655.0,MapleStory,13600.0,0.63
216150,MapleStory,2016-09-01,435.7,-209.1,943.0,MapleStory,13600.0,0.63
216150,MapleStory,2016-07-01,823.9,187.8,1745.0,MapleStory,13600.0,0.63
216150,MapleStory,2016-05-01,448.1,-29.8,945.0,MapleStory,13600.0,0.63
216150,MapleStory,2016-03-01,473.6,-54.1,963.0,MapleStory,13600.0,0.63
216150,MapleStory,2016-01-01,812.3,-587.3,1756.0,MapleStory,13600.0,0.63
216150,MapleStory,2015-11-01,473.0,96.2,992.0,MapleStory,13600.0,0.63
216150,MapleStory,2015-09-01,405.5,-198.1,916.0,MapleStory,13600.0,0.63
216150,MapleStory,2015-07-01,669.0,161.0,1427.0,MapleStory,13600.0,0.63
216150,MapleStory,2015-05-01,532.2,111.6,1090.0,MapleStory,13600.0,0.63
216150,MapleStory,2015-03-01,425.1,37.5,999.0,MapleStory,13600.0,0.63
216150,MapleStory,2015-01-01,351.9,51.3,715.0,MapleStory,13600.0,0.63
216150,MapleStory,2014-11-01,280.5,12.4,625.0,MapleStory,13600.0,0.63
216150,MapleStory,2014-09-01,275.0,-149.1,595.0,MapleStory,13600.0,0.63
216150,MapleStory,2014-07-01,628.8,229.8,1272.0,MapleStory,13600.0,0.63
216150,MapleStory,2014-05-01,295.7,36.4,600.0,MapleStory,13600.0,0.63
216150,MapleStory,2014-03-01,266.6,41.8,656.0,MapleStory,13600.0,0.63
216150,MapleStory,2014-01-01,344.8,-202.4,801.0,MapleStory,13600.0,0.63
216150,MapleStory,2013-11-01,335.8,117.7,750.0,MapleStory,13600.0,0.63
216150,MapleStory,2013-09-01,283.9,-109.4,740.0,MapleStory,13600.0,0.63
216150,MapleStory,2013-07-01,253.6,-139.4,686.0,MapleStory,13600.0,0.63
216150,MapleStory,2013-05-01,464.7,-73.7,1044.0,MapleStory,13600.0,0.63
216150,MapleStory,2013-03-01,446.4,-94.7,1069.0,MapleStory,13600.0,0.63
216150,MapleStory,2013-01-01,746.5,-39.7,1857.0,MapleStory,13600.0,0.63
216150,MapleStory,2012-11-01,368.8,14.1,810.0,MapleStory,13600.0,0.63
216150,MapleStory,2012-09-01,531.9,-544.9,1582.0,MapleStory,13600.0,0.63
1180320,War_of_the_Three_Kingdoms,,1520.9,128.3,3608.0,War_of_the_Three_Kingdoms,66474.0,0.1
1180320,War_of_the_Three_Kingdoms,2025-01-01,1382.3,-180.3,3071.0,War_of_the_Three_Kingdoms,66474.0,0.1
1180320,War_of_the_Three_Kingdoms,2024-11-01,1617.9,161.6,3526.0,War_of_the_Three_Kingdoms,66474.0,0.1
1180320,War_of_the_Three_Kingdoms,2024-09-01,1330.9,104.1,3175.0,War_of_the_Three_Kingdoms,66474.0,0.1
1180320,War_of_the_Three_Kingdoms,2024-07-01,1275.0,119.5,2934.0,War_of_the_Three_Kingdoms,66474.0,0.1
1180320,War_of_the_Three_Kingdoms,2024-05-01,1051.5,-72.2,2378.0,War_of_the_Three_Kingdoms,66474.0,0.1
1180320,War_of_the_Three_Kingdoms,2024-03-01,1065.7,77.9,2469.0,War_of_the_Three_Kingdoms,66474.0,0.1
1180320,War_of_the_Three_Kingdoms,2024-01-01,984.3,-74.7,2046.0,War_of_the_Three_Kingdoms,66474.0,0.1
1180320,War_of_the_Three_Kingdoms,2023-11-01,974.5,-19.8,2400.0,War_of_the_Three_Kingdoms,66474.0,0.1
1180320,War_of_the_Three_Kingdoms,2023-09-01,863.3,79.8,1998.0,War_of_the_Three_Kingdoms,66474.0,0.1
1180320,War_of_the_Three_Kingdoms,2023-07-01,656.7,45.6,1248.0,War_of_the_Three_Kingdoms,66474.0,0.1
1180320,War_of_the_Three_Kingdoms,2023-05-01,501.4,10.3,1095.0,War_of_the_Three_Kingdoms,66474.0,0.1
1180320,War_of_the_Three_Kingdoms,2023-03-01,446.6,50.7,1043.0,War_of_the_Three_Kingdoms,66474.0,0.1
1180320,War_of_the_Three_Kingdoms,2023-01-01,383.4,1.2,770.0,War_of_the_Three_Kingdoms,66474.0,0.1
1180320,War_of_the_Three_Kingdoms,2022-11-01,383.3,66.9,832.0,War_of_the_Three_Kingdoms,66474.0,0.1
1180320,War_of_the_Three_Kingdoms,2022-09-01,337.5,18.1,683.0,War_of_the_Three_Kingdoms,66474.0,0.1
1180320,War_of_the_Three_Kingdoms,2022-07-01,281.4,20.9,523.0,War_of_the_Three_Kingdoms,66474.0,0.1
1180320,War_of_the_Three_Kingdoms,2022-05-01,266.1,13.0,514.0,War_of_the_Three_Kingdoms,66474.0,0.1
1180320,War_of_the_Three_Kingdoms,2022-03-01,245.6,49.1,552.0,War_of_the_Three_Kingdoms,66474.0,0.1
1180320,War_of_the_Three_Kingdoms,2022-01-01,215.3,-124.1,413.0,War_of_the_Three_Kingdoms,66474.0,0.1
730,Counter-Strike 2,,1036787.3,33216.7,1818368.0,Counter-Strike 2,8682047.0,0.86
730,Counter-Strike 2,2025-01-01,914092.2,138.9,1594016.0,Counter-Strike 2,8682047.0,0.86
730,Counter-Strike 2,2024-11-01,852164.3,22725.5,1556938.0,Counter-Strike 2,8682047.0,0.86
730,Counter-Strike 2,2024-09-01,836306.7,-61031.2,1473144.0,Counter-Strike 2,8682047.0,0.86
730,Counter-Strike 2,2024-07-01,875365.1,-72155.4,1342171.0,Counter-Strike 2,8682047.0,0.86
730,Counter-Strike 2,2024-05-01,958207.3,27458.4,1614925.0,Counter-Strike 2,8682047.0,0.86
730,Counter-Strike 2,2024-03-01,885629.7,98998.9,1521796.0,Counter-Strike 2,8682047.0,0.86
730,Counter-Strike 2,2024-01-01,760859.2,-9235.6,1277907.0,Counter-Strike 2,8682047.0,0.86
730,Counter-Strike 2,2023-11-01,714511.4,-77613.5,1161043.0,Counter-Strike 2,8682047.0,0.86
730,Counter-Strike 2,2023-09-01,976138.0,53985.1,1556326.0,Counter-Strike 2,8682047.0,0.86
730,Counter-Strike 2,2023-07-01,881690.9,-204275.9,1222913.0,Counter-Strike 2,8682047.0,0.86
730,Counter-Strike 2,2023-05-01,1117517.4,199431.8,1802853.0,Counter-Strike 2,8682047.0,0.86
730,Counter-Strike 2,2023-03-01,843474.5,38368.6,1519457.0,Counter-Strike 2,8682047.0,0.86
730,Counter-Strike 2,2023-01-01,726150.3,96825.3,1199684.0,Counter-Strike 2,8682047.0,0.86
730,Counter-Strike 2,2022-11-01,621006.0,12656.5,1129095.0,Counter-Strike 2,8682047.0,0.86
730,Counter-Strike 2,2022-09-01,618776.0,-22668.7,1100366.0,Counter-Strike 2,8682047.0,0.86
730,Counter-Strike 2,2022-07-01,594453.1,22230.6,928329.0,Counter-Strike 2,8682047.0,0.86
730,Counter-Strike 2,2022-05-01,564961.7,-4021.5,923996.0,Counter-Strike 2,8682047.0,0.86
730,Counter-Strike 2,2022-03-01,581489.7,-53148.7,987993.0,Counter-Strike 2,8682047.0,0.86
730,Counter-Strike 2,2022-01-01,602376.3,55762.1,991625.0,Counter-Strike 2,8682047.0,0.86
730,Counter-Strike 2,2021-11-01,548161.7,35725.8,935593.0,Counter-Strike 2,8682047.0,0.86
730,Counter-Strike 2,2021-09-01,512350.9,269.0,942519.0,Counter-Strike 2,8682047.0,0.86
730,Counter-Strike 2,2021-07-01,506067.4,-43279.7,763523.0,Counter-Strike 2,8682047.0,0.86
730,Counter-Strike 2,2021-05-01,659888.9,-63457.6,1087197.0,Counter-Strike 2,8682047.0,0.86
730,Counter-Strike 2,2021-03-01,740927.8,-85.4,1198581.0,Counter-Strike 2,8682047.0,0.86
730,Counter-Strike 2,2021-01-01,743209.7,25405.9,1124553.0,Counter-Strike 2,8682047.0,0.86
730,Counter-Strike 2,2020-11-01,668754.6,55087.9,1037464.0,Counter-Strike 2,8682047.0,0.86
730,Counter-Strike 2,2020-09-01,606850.3,-33107.3,977769.0,Counter-Strike 2,8682047.0,0.86
730,Counter-Strike 2,2020-07-01,625900.8,-45746.7,857560.0,Counter-Strike 2,8682047.0,0.86
730,Counter-Strike 2,2020-05-01,768795.3,-88809.0,1193359.0,Counter-Strike 2,8682047.0,0.86
730,Counter-Strike 2,2020-03-01,671033.3,127054.1,1145972.0,Counter-Strike 2,8682047.0,0.86
730,Counter-Strike 2,2020-01-01,501196.0,44494.4,817229.0,Counter-Strike 2,8682047.0,0.86
730,Counter-Strike 2,2019-11-01,426080.8,17085.5,758412.0,Counter-Strike 2,8682047.0,0.86
730,Counter-Strike 2,2019-09-01,410925.6,-4171.7,720052.0,Counter-Strike 2,8682047.0,0.86
730,Counter-Strike 2,2019-07-01,393782.8,4406.1,578933.0,Counter-Strike 2,8682047.0,0.86
730,Counter-Strike 2,2019-05-01,364417.3,12427.4,588453.0,Counter-Strike 2,8682047.0,0.86
730,Counter-Strike 2,2019-03-01,390240.2,18881.2,680071.0,Counter-Strike 2,8682047.0,0.86
730,Counter-Strike 2,2019-01-01,401366.9,5857.6,684511.0,Counter-Strike 2,8682047.0,0.86
730,Counter-Strike 2,2018-11-01,310085.4,-15822.4,546031.0,Counter-Strike 2,8682047.0,0.86
730,Counter-Strike 2,2018-09-01,333164.0,49632.7,583029.0,Counter-Strike 2,8682047.0,0.86
730,Counter-Strike 2,2018-07-01,273307.3,6445.0,426008.0,Counter-Strike 2,8682047.0,0.86
730,Counter-Strike 2,2018-05-01,262170.9,-26905.8,454481.0,Counter-Strike 2,8682047.0,0.86
730,Counter-Strike 2,2018-03-01,354270.3,-28186.8,672502.0,Counter-Strike 2,8682047.0,0.86
730,Counter-Strike 2,2018-01-01,382030.5,41153.7,715850.0,Counter-Strike 2,8682047.0,0.86
730,Counter-Strike 2,2017-11-01,321131.4,-20729.9,601881.0,Counter-Strike 2,8682047.0,0.86
730,Counter-Strike 2,2017-09-01,354402.1,-20023.6,665371.0,Counter-Strike 2,8682047.0,0.86
730,Counter-Strike 2,2017-07-01,377589.0,3201.0,624785.0,Counter-Strike 2,8682047.0,0.86
730,Counter-Strike 2,2017-05-01,371829.3,-20369.8,692966.0,Counter-Strike 2,8682047.0,0.86
730,Counter-Strike 2,2017-03-01,386908.7,-15477.0,742356.0,Counter-Strike 2,8682047.0,0.86
730,Counter-Strike 2,2017-01-01,393109.5,50913.8,814616.0,Counter-Strike 2,8682047.0,0.86
730,Counter-Strike 2,2016-11-01,329045.3,-4031.2,627124.0,Counter-Strike 2,8682047.0,0.86
730,Counter-Strike 2,2016-09-01,322525.9,-24703.4,638360.0,Counter-Strike 2,8682047.0,0.86
730,Counter-Strike 2,2016-07-01,353777.6,19466.5,636056.0,Counter-Strike 2,8682047.0,0.86
730,Counter-Strike 2,2016-05-01,338738.4,-37057.5,668612.0,Counter-Strike 2,8682047.0,0.86
730,Counter-Strike 2,2016-03-01,379427.0,3141.9,737599.0,Counter-Strike 2,8682047.0,0.86
730,Counter-Strike 2,2016-01-01,365371.1,-12076.0,667432.0,Counter-Strike 2,8682047.0,0.86
730,Counter-Strike 2,2015-11-01,360925.9,-1840.2,786707.0,Counter-Strike 2,8682047.0,0.86
730,Counter-Strike 2,2015-09-01,355905.3,-1629.9,725939.0,Counter-Strike 2,8682047.0,0.86
730,Counter-Strike 2,2015-07-01,329532.4,-14623.6,541181.0,Counter-Strike 2,8682047.0,0.86
730,Counter-Strike 2,2015-05-01,317286.3,25537.5,677701.0,Counter-Strike 2,8682047.0,0.86
730,Counter-Strike 2,2015-03-01,267996.3,28061.7,595439.0,Counter-Strike 2,8682047.0,0.86
730,Counter-Strike 2,2015-01-01,234070.7,50481.2,443188.0,Counter-Strike 2,8682047.0,0.86
730,Counter-Strike 2,2014-11-01,147329.1,13791.4,348018.0,Counter-Strike 2,8682047.0,0.86
730,Counter-Strike 2,2014-09-01,131034.7,-2151.1,242494.0,Counter-Strike 2,8682047.0,0.86
730,Counter-Strike 2,2014-07-01,106138.0,21974.4,193613.0,Counter-Strike 2,8682047.0,0.86
730,Counter-Strike 2,2014-05-01,84925.0,6044.5,170137.0,Counter-Strike 2,8682047.0,0.86
730,Counter-Strike 2,2014-03-01,70143.3,10352.0,164495.0,Counter-Strike 2,8682047.0,0.86
730,Counter-Strike 2,2014-01-01,55627.3,8839.1,102084.0,Counter-Strike 2,8682047.0,0.86
730,Counter-Strike 2,2013-11-01,29890.5,1988.4,92279.0,Counter-Strike 2,8682047.0,0.86
730,Counter-Strike 2,2013-09-01,27678.9,1717.1,52052.0,Counter-Strike 2,8682047.0,0.86
730,Counter-Strike 2,2013-07-01,20492.5,2372.7,42149.0,Counter-Strike 2,8682047.0,0.86
730,Counter-Strike 2,2013-05-01,18710.3,2704.3,53379.0,Counter-Strike 2,8682047.0,0.86
730,Counter-Strike 2,2013-03-01,15959.9,-1412.8,32166.0,Counter-Strike 2,8682047.0,0.86
730,Counter-Strike 2,2013-01-01,16164.2,2084.8,31359.0,Counter-Strike 2,8682047.0,0.86
730,Counter-Strike 2,2012-11-01,14134.1,3394.6,50533.0,Counter-Strike 2,8682047.0,0.86
730,Counter-Strike 2,2012-09-01,16000.8,525.4,36057.0,Counter-Strike 2,8682047.0,0.86
730,Counter-Strike 2,2012-07-01,932.6,,1642.0,Counter-Strike 2,8682047.0,0.86
2357570,Overwatch® 2,,24778.0,688.1,40105.0,Overwatch® 2,335436.0,0.23
2357570,Overwatch® 2,2025-01-01,19508.8,-5783.1,36182.0,Overwatch® 2,335436.0,0.23
2357570,Overwatch® 2,2024-11-01,32257.3,-2082.3,56607.0,Overwatch® 2,335436.0,0.23
2357570,Overwatch® 2,2024-09-01,35406.0,773.6,59499.0,Overwatch® 2,335436.0,0.23
2357570,Overwatch® 2,2024-07-01,29393.6,1198.9,51648.0,Overwatch® 2,335436.0,0.23
2357570,Overwatch® 2,2024-05-01,28625.9,-1087.0,51505.0,Overwatch® 2,335436.0,0.23
2357570,Overwatch® 2,2024-03-01,26580.3,1903.2,45666.0,Overwatch® 2,335436.0,0.23
2357570,Overwatch® 2,2024-01-01,20152.5,-590.1,35307.0,Overwatch® 2,335436.0,0.23
2357570,Overwatch® 2,2023-11-01,20736.4,1435.0,38886.0,Overwatch® 2,335436.0,0.23
2357570,Overwatch® 2,2023-09-01,17863.4,-10463.8,33414.0,Overwatch® 2,335436.0,0.23
1367080,MOBILE SUIT GUNDAM BATTLE OPERATION 2,,738.7,-75.3,2070.0,MOBILE SUIT GUNDAM BATTLE OPERATION 2,19731.0,0.21
1367080,MOBILE SUIT GUNDAM BATTLE OPERATION 2,2025-01-01,791.4,-90.6,2085.0,MOBILE SUIT GUNDAM BATTLE OPERATION 2,19731.0,0.21
1367080,MOBILE SUIT GUNDAM BATTLE OPERATION 2,2024-11-01,893.0,-147.2,2858.0,MOBILE SUIT GUNDAM BATTLE OPERATION 2,19731.0,0.21
1367080,MOBILE SUIT GUNDAM BATTLE OPERATION 2,2024-09-01,906.3,-13.5,3135.0,MOBILE SUIT GUNDAM BATTLE OPERATION 2,19731.0,0.21
1367080,MOBILE SUIT GUNDAM BATTLE OPERATION 2,2024-07-01,947.6,-425.8,2437.0,MOBILE SUIT GUNDAM BATTLE OPERATION 2,19731.0,0.21
1367080,MOBILE SUIT GUNDAM BATTLE OPERATION 2,2024-05-01,1072.6,11.3,3908.0,MOBILE SUIT GUNDAM BATTLE OPERATION 2,19731.0,0.21
1367080,MOBILE SUIT GUNDAM BATTLE OPERATION 2,2024-03-01,1173.1,-130.7,3304.0,MOBILE SUIT GUNDAM BATTLE OPERATION 2,19731.0,0.21
1367080,MOBILE SUIT GUNDAM BATTLE OPERATION 2,2024-01-01,1179.1,37.1,3883.0,MOBILE SUIT GUNDAM BATTLE OPERATION 2,19731.0,0.21
1367080,MOBILE SUIT GUNDAM BATTLE OPERATION 2,2023-11-01,1209.0,-448.4,3468.0,MOBILE SUIT GUNDAM BATTLE OPERATION 2,19731.0,0.21
1367080,MOBILE SUIT GUNDAM BATTLE OPERATION 2,2023-09-01,1446.8,-424.8,4101.0,MOBILE SUIT GUNDAM BATTLE OPERATION 2,19731.0,0.21
1367080,MOBILE SUIT GUNDAM BATTLE OPERATION 2,2023-07-01,3222.0,-2460.9,8189.0,MOBILE SUIT GUNDAM BATTLE OPERATION 2,19731.0,0.21
2537590,Microsoft Flight Simulator 2024,,2366.0,-23.7,4421.0,Microsoft Flight Simulator 2024,12116.0,0.45
2537590,Microsoft Flight Simulator 2024,2025-01-01,3022.7,-856.7,5785.0,Microsoft Flight Simulator 2024,12116.0,0.45
2537590,Microsoft Flight Simulator 2024,2024-11-01,6065.5,,10600.0,Microsoft Flight Simulator 2024,12116.0,0.45
